{
  "columns": [
    {
      "name": "Entity",
      "type": "object",
      "valid": 147,
      "missing": 0,
      "unique": 7,
      "modeFirst": "Asian marker price (BP)",
      "modeFirstCnt": 21,
      "modeSecond": "China Qinhuangdao spot price (BP)",
      "modeSecondCnt": 21
    },
    {
      "name": "Code",
      "type": "object",
      "valid": 0,
      "missing": 147,
      "unique": 0,
      "modeFirst": "[null]",
      "modeFirstCnt": 147,
      "modeSecond": 0,
      "modeSecondCnt": 0
    },
    {
      "name": "Year",
      "type": "int64",
      "valid": 147,
      "missing": 0,
      "mean": 2011.0,
      "std": 6.07600265134719,
      "min": 2001,
      "quantile25": 2006.0,
      "median": 2011.0,
      "quantile75": 2016.0,
      "max": 2021,
      "rangeCount": [
        21,
        14,
        14,
        14,
        14,
        14,
        14,
        14,
        14,
        14
      ]
    },
    {
      "name": "Coal - Prices",
      "type": "float64",
      "valid": 147,
      "missing": 0,
      "mean": 85.34311969264024,
      "std": 37.333558088118664,
      "min": 30.406665802001957,
      "quantile25": 60.63692092895508,
      "median": 79.47000122070312,
      "quantile75": 106.95708465576172,
      "max": 229.1233367919922,
      "rangeCount": [
        25,
        34,
        31,
        23,
        15,
        9,
        7,
        1,
        1,
        1
      ]
    }
  ],
  "rowSize": 147,
  "columnSize": 4
}